,NickName,Sex,Province,City,Signature
0,Me &amp; u,1,,,小丑面具笑的比谁都开心，却藏不住那双哭红的眼睛。
1,往上走55,1,湖南,邵阳,
2,小太阳,2,,,
3,拾柒智能服务Delta,0,,,
4,，，，，,1,河南,开封,
5,依依,2,,,
6,艺社造型客服部,0,,,
7,暖阳浅笑,2,河南,开封,
8,jon,1,河南,洛阳,
9,困兽,1,陕西,西安,
10,刘洋,0,,,
11,最爱的人是你,2,河南,开封,
12,zhang,2,,,"Start from now,stick to it.Look forward to embracing success"
13,乔飞翔,1,河南,开封,氧化钙
14,A A A``迷茫、,1,河南,开封,
15,刘朝辉,1,河南,洛阳,
16,剧👀 影视,2,,,电影2元一部，电视剧5元一部。诚信经营，非诚勿扰！
17,Aaron,1,河南,洛阳,奋斗
18,徐陈炳,1,,,
19,香港,1,,,莎士比亚
20,旧巷里的猫。,1,河南,开封,
21,A00--  马希望℡155155 85855,1,河南,郑州,人在梦在
22,neinei、,1,浙江,杭州,
23,一切都是最好的安排,2,Hawaii,Honolulu,做你觉得对和应该做的事情爱你应该爱的人 不用有顾虑
24,往事随风,1,河南,郑州,伤心的人！
25,zj,1,湖南,邵阳,在
26,静静,2,河南,信阳,人生若只如初见，何事悲风画秋扇，等闲变却故人心，却道故人心易
27,'这个笑话.,1,浙江,台州,看似很深情.但是.她的一举一动，却在践踏着你的深情…
28,图文13301266393,1,北京,昌平,为什么呢？
29,fitz,1,,,"我像天空般晴朗<span class=""emoji emoji270c""></span>"
30,Tang...,1,河南,商丘,一切事物都是为了被毁灭而设计
31,无求,1,河南,郑州,不要让自己梦醒了无路可走
32,梁,1,北京,,曾经的一个承诺你还记得我吗？不想过去！知看未来？
33,石香明,1,北京,海淀,
34,雁南飞。,0,河南,洛阳,有事请联系18539588003
35,xlin,2,河南,开封,
36,remix LH,1,河南,开封,
37,。彼方,1,,,但盼风雨来，能留你在此
38,你的故事.,1,河南,郑州,
39,十木,0,,,
40,Wendy,0,,,
41,思无邪,1,四川,广元,寂寞暂缓，一笑当年。
42,拧拧还是掐掐,2,,,
43,水镜先生,1,河南,开封,
44,一杯柠檬水呀,1,江苏,苏州,该用户不想填写任何签名
45,云舒,2,,,
46,骑着蜗牛看日出,1,河南,开封,又回到最初的起点，记忆中你青涩的脸
47,很想秀~,1,河南,驻马店,滴~打卡
48,百草,2,广西,柳州,天奕爸爸
49,上帝视觉,1,河南,郑州,张广领
50,人生若只如初见,0,,,
51,时间,1,,,路过
52,奕冰,1,河南,郑州,改变自己，改变生活
53,最爱的人是你,1,浙江,台州,?
54,💅💃MM强丫头👄,2,浙江,衢州,要么深情，，，，，，要么绝情，，，，，我又不脆弱，呵呵，，，
55,只争朝夕👊,1,,,清醒温柔知进退，努力上进且优秀
56,十七年的夏天,1,河南,开封,"代码成就万世基积沙镇海
梦想永在凌云意意气风发"
57,未知,2,河南,信阳,
58,半城风雨半声笛,2,河南,洛阳,别让人生输给心情🤗 🤗
59,子衿摄影,2,河南,洛阳,发照片邮箱344915828@qq.com
60,招行信用卡-刷我滴卡-唐国辰,1,江苏,无锡,
61,我的小目标🙆,2,,,美好值得等待
62,仲夏夜之梦,1,河南,开封,因为爱，所以才有动力！
63,艾天龙,1,黑龙江,哈尔滨,手机号码:15765230425
64,Cinderella🍓,2,,,有你
65,南瓜南瓜呀,2,江苏,苏州,"To seek.
To strive.
Never to yield."
66,A0韵达快递,2,河南,洛阳,
67,韩舒,2,河南,开封,忍冬
68,Nicole,2,河南,洛阳,"常用电话<span class=""emoji emoji260e""></span>️17303799872"
69,pupa,0,,,
70,冯17316260627,1,,,
71,L丽塔,1,,,我相信人才是可以培养的。
72,【好人】一生平安,0,河南,开封,
73,派大星,1,河南,开封,
74,Xiao,1,河南,洛阳,这个家伙可懒，这都不写
75,自行车1,0,,,
76,Eureka!,1,福建,福州,
77,孑然,1,河南,开封,"曾梦想仗剑天涯
后来工作忙没去"
78,聂老师,0,,,
79,天天象上👦,1,北京,朝阳,
80,Infinite,1,Idaho,Idaho Falls,
81,Migo,2,河南,焦作,
82,绿色大树,1,河南,洛阳,
83,智彗人生,1,河南,郑州,一生勇向前
84,2019,1,,,2019
85,🍦,2,,,哈哈哈哈哈哈
86,一休,2,河南,商丘,"<span class=""emoji emoji1f33b""></span>"
87,啊俊,1,河南,开封,Have a clear conscience
88,눈花_开눈,2,,,
89,雪丽,2,河南,新乡,世界在变，唯我不变。
90,领悟,1,河南,郑州,不再去追求梦想，
91,.,2,Barcelona,,大热像赤道重叠
92,孤欢,1,,,
93,软件安装管家,2,,,加入管家VIP会员享受更多服务！
94,刺,1,,,除过生死，那一桩不是闲事。          ִִ
95,大橘砸,2,,,比起艺术，人生更有价值。
96,或许是不知梦的缘故,1,河南,开封,
97,智联招聘 蕾蕾🌹18438628397,2,河南,安阳,智联招聘，注册代账，视频制作，品牌设计就找蕾蕾18438628397
98,SHJ,1,河南,洛阳,
99,蓓子,2,,,"不卑不亢，
落落大方<span class=""emoji emoji1f44c""></span>"
100,A宇信教育  19139788057,0,河南,郑州,
101,independence,2,河南,开封,
102,AAA田老师💕,0,,,工作号不闲聊，谢谢
103,芳,2,北京,昌平,知足才会幸福
104,恋尚网络工作室,1,,,
105,FEEL,1,北京,房山,我若成佛，天下无魔。我若成魔，佛奈我何。
106,冰糖葫芦,2,河北,衡水,自律即自由
107,.,2,北京,海淀,人生如逆旅，我亦是行人
108,启俊,1,北京,,
109,小邓,2,河南,商丘,
110,hello,0,,,
111,晗,2,河南,开封,～努力呀.
112,啷当响,2,河南,郑州,
113,酱油,1,河南,周口,其实 我是一个人
114,小伟,0,Ash Shariqah,,当你的能力还不能撑起你的骄傲时，请安静学习
115,Shero.,2,,,就当破茧。
116,Y,2,,,欲戴王冠 必承其重
117,会飞的猪,0,北京,海淀,
118,Loading,2,Lyon,,再重要的人，让你失望多了，也变得不重要
119,北茗.,2,,,"老人说，陪伴是爱<span class=""emoji emoji2764""></span>"
120,i阿1,1,河南,郑州,。
121,Morven,0,,,
122,凡凡,2,北京,朝阳,                                      一切都是最好的安排   
123,遇见,2,河南,,
124,Mypманск,1,河南,郑州,反反复复扎扎实实念念不忘必有回响
125,泡泡o.o,2,河南,,华灯初上，灯火通明
126,betterØ宁,2,河南,新乡,宁のIU是属于满月的Ø
127,简单,2,,,
128,平庸至极却对你一眼着迷,1,Paris,,"ִִ
山有木兮木有枝，心悦汝兮汝不知          ִ"
129,黄源,1,河南,洛阳,Despacito
130,浮尘,2,北京,,随遇而安
131,Radiant,2,河南,商丘,
132,努力哇,0,,,坚持啊
133,泡泡,2,河南,郑州,"月下冰凝练<span class=""emoji emoji1f497""></span>案上贵似君"
134,是鹰你就飞起来,1,,,
135,Lixinjiexxxxxx423💭,2,,,大概是我不够好。留不住的终究会离我而去。往后吧，不复相见。
136,邓婷,2,湖南,娄底,你唯一能倚仗的只有自己的能力
137,开开心心每一天,2,北京,昌平,
138,Toxicant゛清浅,1,,,
139,i一七八,1,,,我走过的孤独很黑。
140,墨理,0,,,
141,Moo,1,河南,开封,
142,Casanova ^_^,1,,,谨言慎行
143,云彩图文,1,北京,昌平,"彩色打印,标书装订,照片冲洗,喷绘写真,出图晒图!"
144,RIan,2,广东,深圳,青春是用来疯狂的。
145,Echo1996,2,河南,焦作,热爱生活！
146,Miracle-,1,河南,洛阳,
147,李金轩,1,河南,郑州,花儿不会因为你的疏离来年不再盛开人却会因为你的错过转身为陌路
148,慧慧🐯,2,福建,福州,生活充满着不确定性
149,♔逍遥鼠♔,2,,,天暗下来，你就是阳光🔅
150,耗子,1,广东,广州,若酒折柳今相离，无风无月也无你…
151,天空的距离,2,河南,洛阳,这个时代不缺爱情，只缺专情。愿有岁月可回首，且以深情共白头。
152,🍻,1,河南,开封,
153,程小象,2,河南,信阳,
154,Saraphine,2,浙江,台州,404 NOT FOUND
155,彬彬,2,广东,深圳,快乐不是你拥有的多，而是你计较得少！
156,lulustone,2,安徽,安庆,众生皆苦，我是草莓味。
157,张我我很nice丶,2,河南,洛阳,"
总有人山高路远，为你而来<span class=""emoji emoji2764""></span>       ִִ
ִ"
158,攻玉之石,1,,,改变自己，一定要改变！
159,不要睡懒觉,1,,,我喜欢努力的自己
160,盛半仙儿，👑,2,新疆,哈密,"希望你别像风 
在我这里掀起了万般波澜 
却又跟云去了远方<span class=""emoji emoji2764""></span>️"
161,落夜,1,,,
162,null,1,,,
163,三清刀,2,河南,开封,道阻且长，行则将至。
164,Zoe.,2,河南,洛阳,你若盛开，蝴蝶自来。
165,苏苏,2,,,
166,小麥,1,广东,广州,8.27，3.6
167,A.名牌潮流服饰,0,,,
168,404  Not  Found,1,北京,昌平,加油，
